{
    "bitcoin": 10.000000,
    "grin": 100000.000000,
    "beam": 10000.000000,
    "dero": 1000.000000
}